,run_id,experiment_id,status,artifact_uri,start_time,end_time,metrics.rmse,metrics.mae,params.alpha,params.random_state,params.max_iter,tags.mlflow.source.git.commit,tags.mlflow.source.type,tags.mlflow.user,tags.mlflow.runName,tags.mlflow.source.name
0,fa2efef165694fde82da1e8fdfe85df8,694565806649179413,FINISHED,file:///c:/Users/Daniel/OneDrive/Documentos/stock_level_prediction/notebooks/../mlruns/694565806649179413/fa2efef165694fde82da1e8fdfe85df8/artifacts,2023-04-17 18:13:08.727000+00:00,2023-04-17 18:13:08.860000+00:00,0.2819772346077725,0.2420056419750377,0.0001,47,12000,666c7e04323ddaba4de9efb79e0a9b4552deddce,LOCAL,Daniel,selective-croc-74,c:\Users\Daniel\OneDrive\Documentos\stock_level_prediction\venv\lib\site-packages\ipykernel_launcher.py
1,6d9a8b09ce704f0ebb2cf6099fbd8456,694565806649179413,FINISHED,file:///c:/Users/Daniel/OneDrive/Documentos/stock_level_prediction/notebooks/../mlruns/694565806649179413/6d9a8b09ce704f0ebb2cf6099fbd8456/artifacts,2023-04-17 18:13:08.560000+00:00,2023-04-17 18:13:08.717000+00:00,0.2819772346077725,0.2420056419750377,0.0001,47,6000,666c7e04323ddaba4de9efb79e0a9b4552deddce,LOCAL,Daniel,polite-moose-350,c:\Users\Daniel\OneDrive\Documentos\stock_level_prediction\venv\lib\site-packages\ipykernel_launcher.py
2,fe5ab070a1574a74916571de5ee17ca6,694565806649179413,FINISHED,file:///c:/Users/Daniel/OneDrive/Documentos/stock_level_prediction/notebooks/../mlruns/694565806649179413/fe5ab070a1574a74916571de5ee17ca6/artifacts,2023-04-17 18:13:08.379000+00:00,2023-04-17 18:13:08.537000+00:00,0.2819772346077725,0.2420056419750377,0.0001,47,3000,666c7e04323ddaba4de9efb79e0a9b4552deddce,LOCAL,Daniel,resilient-pug-786,c:\Users\Daniel\OneDrive\Documentos\stock_level_prediction\venv\lib\site-packages\ipykernel_launcher.py
3,260b61f5c25d4b1dac1446341b166877,694565806649179413,FINISHED,file:///c:/Users/Daniel/OneDrive/Documentos/stock_level_prediction/notebooks/../mlruns/694565806649179413/260b61f5c25d4b1dac1446341b166877/artifacts,2023-04-17 18:13:08.227000+00:00,2023-04-17 18:13:08.367000+00:00,0.2819772346077725,0.2420056419750377,0.0001,47,1000,666c7e04323ddaba4de9efb79e0a9b4552deddce,LOCAL,Daniel,delicate-zebra-208,c:\Users\Daniel\OneDrive\Documentos\stock_level_prediction\venv\lib\site-packages\ipykernel_launcher.py
4,8a4da875975d4aea90f610011fa6e246,694565806649179413,FINISHED,file:///c:/Users/Daniel/OneDrive/Documentos/stock_level_prediction/notebooks/../mlruns/694565806649179413/8a4da875975d4aea90f610011fa6e246/artifacts,2023-04-17 18:13:08.057000+00:00,2023-04-17 18:13:08.208000+00:00,0.2819772346077725,0.2420056419750377,0.0001,47,500,666c7e04323ddaba4de9efb79e0a9b4552deddce,LOCAL,Daniel,luxuriant-crab-21,c:\Users\Daniel\OneDrive\Documentos\stock_level_prediction\venv\lib\site-packages\ipykernel_launcher.py
5,1c0d2c32ab9c4908a2eda69fc7f8ed80,694565806649179413,FINISHED,file:///c:/Users/Daniel/OneDrive/Documentos/stock_level_prediction/notebooks/../mlruns/694565806649179413/1c0d2c32ab9c4908a2eda69fc7f8ed80/artifacts,2023-04-17 18:13:07.897000+00:00,2023-04-17 18:13:08.047000+00:00,0.2819772346077725,0.2420056419750377,0.0001,47,100,666c7e04323ddaba4de9efb79e0a9b4552deddce,LOCAL,Daniel,polite-wasp-827,c:\Users\Daniel\OneDrive\Documentos\stock_level_prediction\venv\lib\site-packages\ipykernel_launcher.py
6,6e92b452b9f34b2ca38fc1c413303621,694565806649179413,FINISHED,file:///c:/Users/Daniel/OneDrive/Documentos/stock_level_prediction/notebooks/../mlruns/694565806649179413/6e92b452b9f34b2ca38fc1c413303621/artifacts,2023-04-17 18:13:07.708000+00:00,2023-04-17 18:13:07.874000+00:00,0.28197723569402666,0.242005650537408,0.001,47,12000,666c7e04323ddaba4de9efb79e0a9b4552deddce,LOCAL,Daniel,merciful-mare-535,c:\Users\Daniel\OneDrive\Documentos\stock_level_prediction\venv\lib\site-packages\ipykernel_launcher.py
7,f08b8fac296e46c497e7f5a7c15b9390,694565806649179413,FINISHED,file:///c:/Users/Daniel/OneDrive/Documentos/stock_level_prediction/notebooks/../mlruns/694565806649179413/f08b8fac296e46c497e7f5a7c15b9390/artifacts,2023-04-17 18:13:07.470000+00:00,2023-04-17 18:13:07.692000+00:00,0.28197723569402666,0.242005650537408,0.001,47,6000,666c7e04323ddaba4de9efb79e0a9b4552deddce,LOCAL,Daniel,legendary-worm-794,c:\Users\Daniel\OneDrive\Documentos\stock_level_prediction\venv\lib\site-packages\ipykernel_launcher.py
8,620c60781d204133b45d829af56ecb42,694565806649179413,FINISHED,file:///c:/Users/Daniel/OneDrive/Documentos/stock_level_prediction/notebooks/../mlruns/694565806649179413/620c60781d204133b45d829af56ecb42/artifacts,2023-04-17 18:13:07.273000+00:00,2023-04-17 18:13:07.447000+00:00,0.28197723569402666,0.242005650537408,0.001,47,3000,666c7e04323ddaba4de9efb79e0a9b4552deddce,LOCAL,Daniel,efficient-sloth-31,c:\Users\Daniel\OneDrive\Documentos\stock_level_prediction\venv\lib\site-packages\ipykernel_launcher.py
9,1c84b1b5943a44918d686de7e70acd72,694565806649179413,FINISHED,file:///c:/Users/Daniel/OneDrive/Documentos/stock_level_prediction/notebooks/../mlruns/694565806649179413/1c84b1b5943a44918d686de7e70acd72/artifacts,2023-04-17 18:13:07.119000+00:00,2023-04-17 18:13:07.255000+00:00,0.28197723569402666,0.242005650537408,0.001,47,1000,666c7e04323ddaba4de9efb79e0a9b4552deddce,LOCAL,Daniel,serious-colt-793,c:\Users\Daniel\OneDrive\Documentos\stock_level_prediction\venv\lib\site-packages\ipykernel_launcher.py
10,4b83d961473a4b7090b9268c90be3be0,694565806649179413,FINISHED,file:///c:/Users/Daniel/OneDrive/Documentos/stock_level_prediction/notebooks/../mlruns/694565806649179413/4b83d961473a4b7090b9268c90be3be0/artifacts,2023-04-17 18:13:06.947000+00:00,2023-04-17 18:13:07.107000+00:00,0.28197723569402666,0.242005650537408,0.001,47,500,666c7e04323ddaba4de9efb79e0a9b4552deddce,LOCAL,Daniel,stately-midge-240,c:\Users\Daniel\OneDrive\Documentos\stock_level_prediction\venv\lib\site-packages\ipykernel_launcher.py
11,efd56a2590a141ecbb72581db7a33795,694565806649179413,FINISHED,file:///c:/Users/Daniel/OneDrive/Documentos/stock_level_prediction/notebooks/../mlruns/694565806649179413/efd56a2590a141ecbb72581db7a33795/artifacts,2023-04-17 18:13:06.782000+00:00,2023-04-17 18:13:06.927000+00:00,0.28197723569402666,0.242005650537408,0.001,47,100,666c7e04323ddaba4de9efb79e0a9b4552deddce,LOCAL,Daniel,victorious-hare-65,c:\Users\Daniel\OneDrive\Documentos\stock_level_prediction\venv\lib\site-packages\ipykernel_launcher.py
12,367cfa64e4e14ffd971f47a1e6310357,694565806649179413,FINISHED,file:///c:/Users/Daniel/OneDrive/Documentos/stock_level_prediction/notebooks/../mlruns/694565806649179413/367cfa64e4e14ffd971f47a1e6310357/artifacts,2023-04-17 18:13:06.607000+00:00,2023-04-17 18:13:06.757000+00:00,0.28197724640061633,0.24200573572458056,0.01,47,12000,666c7e04323ddaba4de9efb79e0a9b4552deddce,LOCAL,Daniel,glamorous-seal-693,c:\Users\Daniel\OneDrive\Documentos\stock_level_prediction\venv\lib\site-packages\ipykernel_launcher.py
13,e3c8fea52e224b44b4aaaa3f4a5458e8,694565806649179413,FINISHED,file:///c:/Users/Daniel/OneDrive/Documentos/stock_level_prediction/notebooks/../mlruns/694565806649179413/e3c8fea52e224b44b4aaaa3f4a5458e8/artifacts,2023-04-17 18:13:06.440000+00:00,2023-04-17 18:13:06.587000+00:00,0.28197724640061633,0.24200573572458056,0.01,47,6000,666c7e04323ddaba4de9efb79e0a9b4552deddce,LOCAL,Daniel,tasteful-bug-927,c:\Users\Daniel\OneDrive\Documentos\stock_level_prediction\venv\lib\site-packages\ipykernel_launcher.py
14,0df4a7c7da5847dbb29b075809fcb3a2,694565806649179413,FINISHED,file:///c:/Users/Daniel/OneDrive/Documentos/stock_level_prediction/notebooks/../mlruns/694565806649179413/0df4a7c7da5847dbb29b075809fcb3a2/artifacts,2023-04-17 18:13:06.297000+00:00,2023-04-17 18:13:06.427000+00:00,0.28197724640061633,0.24200573572458056,0.01,47,3000,666c7e04323ddaba4de9efb79e0a9b4552deddce,LOCAL,Daniel,agreeable-croc-488,c:\Users\Daniel\OneDrive\Documentos\stock_level_prediction\venv\lib\site-packages\ipykernel_launcher.py
15,aa44c37bb9234ea99dcf97cb5d000166,694565806649179413,FINISHED,file:///c:/Users/Daniel/OneDrive/Documentos/stock_level_prediction/notebooks/../mlruns/694565806649179413/aa44c37bb9234ea99dcf97cb5d000166/artifacts,2023-04-17 18:13:06.104000+00:00,2023-04-17 18:13:06.278000+00:00,0.28197724640061633,0.24200573572458056,0.01,47,1000,666c7e04323ddaba4de9efb79e0a9b4552deddce,LOCAL,Daniel,intelligent-ape-778,c:\Users\Daniel\OneDrive\Documentos\stock_level_prediction\venv\lib\site-packages\ipykernel_launcher.py
16,d5d55eb86b8d440791edca1cb4d6cd81,694565806649179413,FINISHED,file:///c:/Users/Daniel/OneDrive/Documentos/stock_level_prediction/notebooks/../mlruns/694565806649179413/d5d55eb86b8d440791edca1cb4d6cd81/artifacts,2023-04-17 18:13:05.907000+00:00,2023-04-17 18:13:06.072000+00:00,0.28197724640061633,0.24200573572458056,0.01,47,500,666c7e04323ddaba4de9efb79e0a9b4552deddce,LOCAL,Daniel,omniscient-flea-77,c:\Users\Daniel\OneDrive\Documentos\stock_level_prediction\venv\lib\site-packages\ipykernel_launcher.py
17,b50d89f38ec343d182cf535dc4d11f13,694565806649179413,FINISHED,file:///c:/Users/Daniel/OneDrive/Documentos/stock_level_prediction/notebooks/../mlruns/694565806649179413/b50d89f38ec343d182cf535dc4d11f13/artifacts,2023-04-17 18:13:05.742000+00:00,2023-04-17 18:13:05.898000+00:00,0.28197724640061633,0.24200573572458056,0.01,47,100,666c7e04323ddaba4de9efb79e0a9b4552deddce,LOCAL,Daniel,omniscient-cat-462,c:\Users\Daniel\OneDrive\Documentos\stock_level_prediction\venv\lib\site-packages\ipykernel_launcher.py
18,0c4953e9e5ba42708440a3608314cdc7,694565806649179413,FINISHED,file:///c:/Users/Daniel/OneDrive/Documentos/stock_level_prediction/notebooks/../mlruns/694565806649179413/0c4953e9e5ba42708440a3608314cdc7/artifacts,2023-04-17 18:13:05.567000+00:00,2023-04-17 18:13:05.719000+00:00,0.2819773380881273,0.24200654514354772,0.1,47,12000,666c7e04323ddaba4de9efb79e0a9b4552deddce,LOCAL,Daniel,lyrical-fish-808,c:\Users\Daniel\OneDrive\Documentos\stock_level_prediction\venv\lib\site-packages\ipykernel_launcher.py
19,978c0b229d654fed8c0b92dfc2b8a39f,694565806649179413,FINISHED,file:///c:/Users/Daniel/OneDrive/Documentos/stock_level_prediction/notebooks/../mlruns/694565806649179413/978c0b229d654fed8c0b92dfc2b8a39f/artifacts,2023-04-17 18:13:05.422000+00:00,2023-04-17 18:13:05.555000+00:00,0.2819773380881273,0.24200654514354772,0.1,47,6000,666c7e04323ddaba4de9efb79e0a9b4552deddce,LOCAL,Daniel,invincible-shrew-888,c:\Users\Daniel\OneDrive\Documentos\stock_level_prediction\venv\lib\site-packages\ipykernel_launcher.py
20,64e981e3d6824b959478990bebe5554e,694565806649179413,FINISHED,file:///c:/Users/Daniel/OneDrive/Documentos/stock_level_prediction/notebooks/../mlruns/694565806649179413/64e981e3d6824b959478990bebe5554e/artifacts,2023-04-17 18:13:05.282000+00:00,2023-04-17 18:13:05.407000+00:00,0.2819773380881273,0.24200654514354772,0.1,47,3000,666c7e04323ddaba4de9efb79e0a9b4552deddce,LOCAL,Daniel,stately-cow-425,c:\Users\Daniel\OneDrive\Documentos\stock_level_prediction\venv\lib\site-packages\ipykernel_launcher.py
21,83a0a1fdc2d947d69826159e866176ad,694565806649179413,FINISHED,file:///c:/Users/Daniel/OneDrive/Documentos/stock_level_prediction/notebooks/../mlruns/694565806649179413/83a0a1fdc2d947d69826159e866176ad/artifacts,2023-04-17 18:13:05.074000+00:00,2023-04-17 18:13:05.267000+00:00,0.2819773380881273,0.24200654514354772,0.1,47,1000,666c7e04323ddaba4de9efb79e0a9b4552deddce,LOCAL,Daniel,dashing-asp-649,c:\Users\Daniel\OneDrive\Documentos\stock_level_prediction\venv\lib\site-packages\ipykernel_launcher.py
22,441a69578c7349be91d7329fc5b843de,694565806649179413,FINISHED,file:///c:/Users/Daniel/OneDrive/Documentos/stock_level_prediction/notebooks/../mlruns/694565806649179413/441a69578c7349be91d7329fc5b843de/artifacts,2023-04-17 18:13:04.920000+00:00,2023-04-17 18:13:05.062000+00:00,0.2819773380881273,0.24200654514354772,0.1,47,500,666c7e04323ddaba4de9efb79e0a9b4552deddce,LOCAL,Daniel,abundant-bear-338,c:\Users\Daniel\OneDrive\Documentos\stock_level_prediction\venv\lib\site-packages\ipykernel_launcher.py
23,b1f248fdbf0d412ebc7a8af6f2e6afaf,694565806649179413,FINISHED,file:///c:/Users/Daniel/OneDrive/Documentos/stock_level_prediction/notebooks/../mlruns/694565806649179413/b1f248fdbf0d412ebc7a8af6f2e6afaf/artifacts,2023-04-17 18:13:04.762000+00:00,2023-04-17 18:13:04.907000+00:00,0.2819773380881273,0.24200654514354772,0.1,47,100,666c7e04323ddaba4de9efb79e0a9b4552deddce,LOCAL,Daniel,luxuriant-shark-54,c:\Users\Daniel\OneDrive\Documentos\stock_level_prediction\venv\lib\site-packages\ipykernel_launcher.py
24,2cd88a80423d43e7b0d62f184c437a7b,694565806649179413,FINISHED,file:///c:/Users/Daniel/OneDrive/Documentos/stock_level_prediction/notebooks/../mlruns/694565806649179413/2cd88a80423d43e7b0d62f184c437a7b/artifacts,2023-04-17 18:13:04.609000+00:00,2023-04-17 18:13:04.742000+00:00,0.2819769273242521,0.24201134328400653,1,47,12000,666c7e04323ddaba4de9efb79e0a9b4552deddce,LOCAL,Daniel,likeable-goat-793,c:\Users\Daniel\OneDrive\Documentos\stock_level_prediction\venv\lib\site-packages\ipykernel_launcher.py
25,621c93d9027448b88d53e4b9bc4a5648,694565806649179413,FINISHED,file:///c:/Users/Daniel/OneDrive/Documentos/stock_level_prediction/notebooks/../mlruns/694565806649179413/621c93d9027448b88d53e4b9bc4a5648/artifacts,2023-04-17 18:13:04.462000+00:00,2023-04-17 18:13:04.597000+00:00,0.2819769273242521,0.24201134328400653,1,47,6000,666c7e04323ddaba4de9efb79e0a9b4552deddce,LOCAL,Daniel,righteous-eel-505,c:\Users\Daniel\OneDrive\Documentos\stock_level_prediction\venv\lib\site-packages\ipykernel_launcher.py
26,864ae3877f6a4a57983ebf36465b67ac,694565806649179413,FINISHED,file:///c:/Users/Daniel/OneDrive/Documentos/stock_level_prediction/notebooks/../mlruns/694565806649179413/864ae3877f6a4a57983ebf36465b67ac/artifacts,2023-04-17 18:13:04.313000+00:00,2023-04-17 18:13:04.452000+00:00,0.2819769273242521,0.24201134328400653,1,47,3000,666c7e04323ddaba4de9efb79e0a9b4552deddce,LOCAL,Daniel,learned-hound-188,c:\Users\Daniel\OneDrive\Documentos\stock_level_prediction\venv\lib\site-packages\ipykernel_launcher.py
27,ac1d5b0c8323435d96332429a643296c,694565806649179413,FINISHED,file:///c:/Users/Daniel/OneDrive/Documentos/stock_level_prediction/notebooks/../mlruns/694565806649179413/ac1d5b0c8323435d96332429a643296c/artifacts,2023-04-17 18:13:04.150000+00:00,2023-04-17 18:13:04.297000+00:00,0.2819769273242521,0.24201134328400653,1,47,1000,666c7e04323ddaba4de9efb79e0a9b4552deddce,LOCAL,Daniel,amusing-horse-365,c:\Users\Daniel\OneDrive\Documentos\stock_level_prediction\venv\lib\site-packages\ipykernel_launcher.py
28,cea4f7b1ef3e447487dec242d2297115,694565806649179413,FINISHED,file:///c:/Users/Daniel/OneDrive/Documentos/stock_level_prediction/notebooks/../mlruns/694565806649179413/cea4f7b1ef3e447487dec242d2297115/artifacts,2023-04-17 18:13:03.997000+00:00,2023-04-17 18:13:04.141000+00:00,0.2819769273242521,0.24201134328400653,1,47,500,666c7e04323ddaba4de9efb79e0a9b4552deddce,LOCAL,Daniel,marvelous-fawn-287,c:\Users\Daniel\OneDrive\Documentos\stock_level_prediction\venv\lib\site-packages\ipykernel_launcher.py
29,560506fdc43849df92831ab81a7d6e36,694565806649179413,FINISHED,file:///c:/Users/Daniel/OneDrive/Documentos/stock_level_prediction/notebooks/../mlruns/694565806649179413/560506fdc43849df92831ab81a7d6e36/artifacts,2023-04-17 18:13:03.827000+00:00,2023-04-17 18:13:03.985000+00:00,0.2819769273242521,0.24201134328400653,1,47,100,666c7e04323ddaba4de9efb79e0a9b4552deddce,LOCAL,Daniel,polite-shark-351,c:\Users\Daniel\OneDrive\Documentos\stock_level_prediction\venv\lib\site-packages\ipykernel_launcher.py
30,1269b6435d68420faa7a4d8ace89b32a,694565806649179413,FINISHED,file:///c:/Users/Daniel/OneDrive/Documentos/stock_level_prediction/notebooks/../mlruns/694565806649179413/1269b6435d68420faa7a4d8ace89b32a/artifacts,2023-04-17 18:13:03.682000+00:00,2023-04-17 18:13:03.813000+00:00,0.28196061881034984,0.24200431033494954,5,47,12000,666c7e04323ddaba4de9efb79e0a9b4552deddce,LOCAL,Daniel,capable-moth-20,c:\Users\Daniel\OneDrive\Documentos\stock_level_prediction\venv\lib\site-packages\ipykernel_launcher.py
31,a811ab177df44e41ae211e20f3f1ce52,694565806649179413,FINISHED,file:///c:/Users/Daniel/OneDrive/Documentos/stock_level_prediction/notebooks/../mlruns/694565806649179413/a811ab177df44e41ae211e20f3f1ce52/artifacts,2023-04-17 18:13:03.532000+00:00,2023-04-17 18:13:03.665000+00:00,0.28196061881034984,0.24200431033494954,5,47,6000,666c7e04323ddaba4de9efb79e0a9b4552deddce,LOCAL,Daniel,glamorous-bat-413,c:\Users\Daniel\OneDrive\Documentos\stock_level_prediction\venv\lib\site-packages\ipykernel_launcher.py
32,1e8b540505474eceb76fcef11a843d83,694565806649179413,FINISHED,file:///c:/Users/Daniel/OneDrive/Documentos/stock_level_prediction/notebooks/../mlruns/694565806649179413/1e8b540505474eceb76fcef11a843d83/artifacts,2023-04-17 18:13:03.340000+00:00,2023-04-17 18:13:03.512000+00:00,0.28196061881034984,0.24200431033494954,5,47,3000,666c7e04323ddaba4de9efb79e0a9b4552deddce,LOCAL,Daniel,able-newt-269,c:\Users\Daniel\OneDrive\Documentos\stock_level_prediction\venv\lib\site-packages\ipykernel_launcher.py
33,5724f118337848bdbbc5b8c21d97caf5,694565806649179413,FINISHED,file:///c:/Users/Daniel/OneDrive/Documentos/stock_level_prediction/notebooks/../mlruns/694565806649179413/5724f118337848bdbbc5b8c21d97caf5/artifacts,2023-04-17 18:13:03.187000+00:00,2023-04-17 18:13:03.327000+00:00,0.28196061881034984,0.24200431033494954,5,47,1000,666c7e04323ddaba4de9efb79e0a9b4552deddce,LOCAL,Daniel,painted-smelt-657,c:\Users\Daniel\OneDrive\Documentos\stock_level_prediction\venv\lib\site-packages\ipykernel_launcher.py
34,6400fcb68ad64bb2b75b7cd352a5aa49,694565806649179413,FINISHED,file:///c:/Users/Daniel/OneDrive/Documentos/stock_level_prediction/notebooks/../mlruns/694565806649179413/6400fcb68ad64bb2b75b7cd352a5aa49/artifacts,2023-04-17 18:13:03.014000+00:00,2023-04-17 18:13:03.175000+00:00,0.28196061881034984,0.24200431033494954,5,47,500,666c7e04323ddaba4de9efb79e0a9b4552deddce,LOCAL,Daniel,orderly-shrew-125,c:\Users\Daniel\OneDrive\Documentos\stock_level_prediction\venv\lib\site-packages\ipykernel_launcher.py
35,bdc69ae5c736428088322a0345ab1fc0,694565806649179413,FINISHED,file:///c:/Users/Daniel/OneDrive/Documentos/stock_level_prediction/notebooks/../mlruns/694565806649179413/bdc69ae5c736428088322a0345ab1fc0/artifacts,2023-04-17 18:13:02.783000+00:00,2023-04-17 18:13:02.990000+00:00,0.28196061881034984,0.24200431033494954,5,47,100,666c7e04323ddaba4de9efb79e0a9b4552deddce,LOCAL,Daniel,traveling-stoat-345,c:\Users\Daniel\OneDrive\Documentos\stock_level_prediction\venv\lib\site-packages\ipykernel_launcher.py
36,dab4571891c147f8b3372c4f8e0c6bdb,694565806649179413,FINISHED,file:///c:/Users/Daniel/OneDrive/Documentos/stock_level_prediction/notebooks/../mlruns/694565806649179413/dab4571891c147f8b3372c4f8e0c6bdb/artifacts,2023-04-17 18:13:02.601000+00:00,2023-04-17 18:13:02.757000+00:00,0.28193175970486967,0.24198194034103868,10,47,12000,666c7e04323ddaba4de9efb79e0a9b4552deddce,LOCAL,Daniel,respected-roo-111,c:\Users\Daniel\OneDrive\Documentos\stock_level_prediction\venv\lib\site-packages\ipykernel_launcher.py
37,0f8c2e7f72274f6a868cd67bd35f1b62,694565806649179413,FINISHED,file:///c:/Users/Daniel/OneDrive/Documentos/stock_level_prediction/notebooks/../mlruns/694565806649179413/0f8c2e7f72274f6a868cd67bd35f1b62/artifacts,2023-04-17 18:13:02.389000+00:00,2023-04-17 18:13:02.584000+00:00,0.28193175970486967,0.24198194034103868,10,47,6000,666c7e04323ddaba4de9efb79e0a9b4552deddce,LOCAL,Daniel,amazing-grouse-769,c:\Users\Daniel\OneDrive\Documentos\stock_level_prediction\venv\lib\site-packages\ipykernel_launcher.py
38,76753222d01d43f7a60992427af66597,694565806649179413,FINISHED,file:///c:/Users/Daniel/OneDrive/Documentos/stock_level_prediction/notebooks/../mlruns/694565806649179413/76753222d01d43f7a60992427af66597/artifacts,2023-04-17 18:13:02.197000+00:00,2023-04-17 18:13:02.373000+00:00,0.28193175970486967,0.24198194034103868,10,47,3000,666c7e04323ddaba4de9efb79e0a9b4552deddce,LOCAL,Daniel,omniscient-toad-857,c:\Users\Daniel\OneDrive\Documentos\stock_level_prediction\venv\lib\site-packages\ipykernel_launcher.py
39,a0f019270c4745bc890915a3c163c209,694565806649179413,FINISHED,file:///c:/Users/Daniel/OneDrive/Documentos/stock_level_prediction/notebooks/../mlruns/694565806649179413/a0f019270c4745bc890915a3c163c209/artifacts,2023-04-17 18:13:02.017000+00:00,2023-04-17 18:13:02.182000+00:00,0.28193175970486967,0.24198194034103868,10,47,1000,666c7e04323ddaba4de9efb79e0a9b4552deddce,LOCAL,Daniel,casual-mouse-525,c:\Users\Daniel\OneDrive\Documentos\stock_level_prediction\venv\lib\site-packages\ipykernel_launcher.py
40,f9fffc6bde544b8799b351b2e9936bfd,694565806649179413,FINISHED,file:///c:/Users/Daniel/OneDrive/Documentos/stock_level_prediction/notebooks/../mlruns/694565806649179413/f9fffc6bde544b8799b351b2e9936bfd/artifacts,2023-04-17 18:13:01.830000+00:00,2023-04-17 18:13:01.997000+00:00,0.28193175970486967,0.24198194034103868,10,47,500,666c7e04323ddaba4de9efb79e0a9b4552deddce,LOCAL,Daniel,gifted-perch-438,c:\Users\Daniel\OneDrive\Documentos\stock_level_prediction\venv\lib\site-packages\ipykernel_launcher.py
41,485f441358c54895a512c1e5b8567925,694565806649179413,FINISHED,file:///c:/Users/Daniel/OneDrive/Documentos/stock_level_prediction/notebooks/../mlruns/694565806649179413/485f441358c54895a512c1e5b8567925/artifacts,2023-04-17 18:13:01.617000+00:00,2023-04-17 18:13:01.813000+00:00,0.28193175970486967,0.24198194034103868,10,47,100,666c7e04323ddaba4de9efb79e0a9b4552deddce,LOCAL,Daniel,nosy-goat-678,c:\Users\Daniel\OneDrive\Documentos\stock_level_prediction\venv\lib\site-packages\ipykernel_launcher.py
42,a9bc4a3844c34d86a3aded7e949b2f71,694565806649179413,FINISHED,file:///c:/Users/Daniel/OneDrive/Documentos/stock_level_prediction/notebooks/../mlruns/694565806649179413/a9bc4a3844c34d86a3aded7e949b2f71/artifacts,2023-04-17 18:13:01.429000+00:00,2023-04-17 18:13:01.600000+00:00,0.2818485827482299,0.24191977927328634,25,47,12000,666c7e04323ddaba4de9efb79e0a9b4552deddce,LOCAL,Daniel,blushing-fawn-114,c:\Users\Daniel\OneDrive\Documentos\stock_level_prediction\venv\lib\site-packages\ipykernel_launcher.py
43,5db8b91fbbce4957bdf21e682673095f,694565806649179413,FINISHED,file:///c:/Users/Daniel/OneDrive/Documentos/stock_level_prediction/notebooks/../mlruns/694565806649179413/5db8b91fbbce4957bdf21e682673095f/artifacts,2023-04-17 18:13:01.257000+00:00,2023-04-17 18:13:01.414000+00:00,0.2818485827482299,0.24191977927328634,25,47,6000,666c7e04323ddaba4de9efb79e0a9b4552deddce,LOCAL,Daniel,monumental-ray-251,c:\Users\Daniel\OneDrive\Documentos\stock_level_prediction\venv\lib\site-packages\ipykernel_launcher.py
44,8945d3d693d94cc69f6c6ac2cc0073d4,694565806649179413,FINISHED,file:///c:/Users/Daniel/OneDrive/Documentos/stock_level_prediction/notebooks/../mlruns/694565806649179413/8945d3d693d94cc69f6c6ac2cc0073d4/artifacts,2023-04-17 18:13:01.007000+00:00,2023-04-17 18:13:01.243000+00:00,0.2818485827482299,0.24191977927328634,25,47,3000,666c7e04323ddaba4de9efb79e0a9b4552deddce,LOCAL,Daniel,loud-smelt-529,c:\Users\Daniel\OneDrive\Documentos\stock_level_prediction\venv\lib\site-packages\ipykernel_launcher.py
45,019c127c66af4f54b8f36cb58e25d6f0,694565806649179413,FINISHED,file:///c:/Users/Daniel/OneDrive/Documentos/stock_level_prediction/notebooks/../mlruns/694565806649179413/019c127c66af4f54b8f36cb58e25d6f0/artifacts,2023-04-17 18:13:00.798000+00:00,2023-04-17 18:13:00.991000+00:00,0.2818485827482299,0.24191977927328634,25,47,1000,666c7e04323ddaba4de9efb79e0a9b4552deddce,LOCAL,Daniel,inquisitive-flea-690,c:\Users\Daniel\OneDrive\Documentos\stock_level_prediction\venv\lib\site-packages\ipykernel_launcher.py
46,88fa1070ca7b449ab783f10ecd66598d,694565806649179413,FINISHED,file:///c:/Users/Daniel/OneDrive/Documentos/stock_level_prediction/notebooks/../mlruns/694565806649179413/88fa1070ca7b449ab783f10ecd66598d/artifacts,2023-04-17 18:13:00.420000+00:00,2023-04-17 18:13:00.780000+00:00,0.2818485827482299,0.24191977927328634,25,47,500,666c7e04323ddaba4de9efb79e0a9b4552deddce,LOCAL,Daniel,clumsy-fawn-832,c:\Users\Daniel\OneDrive\Documentos\stock_level_prediction\venv\lib\site-packages\ipykernel_launcher.py
47,4936eb8ba9b843748b543954c5ee9fe9,694565806649179413,FINISHED,file:///c:/Users/Daniel/OneDrive/Documentos/stock_level_prediction/notebooks/../mlruns/694565806649179413/4936eb8ba9b843748b543954c5ee9fe9/artifacts,2023-04-17 18:13:00.022000+00:00,2023-04-17 18:13:00.382000+00:00,0.2818485827482299,0.24191977927328634,25,47,100,666c7e04323ddaba4de9efb79e0a9b4552deddce,LOCAL,Daniel,burly-rook-850,c:\Users\Daniel\OneDrive\Documentos\stock_level_prediction\venv\lib\site-packages\ipykernel_launcher.py
48,4c2ac7f102df45bfa523a7620719d109,694565806649179413,FINISHED,file:///c:/Users/Daniel/OneDrive/Documentos/stock_level_prediction/notebooks/../mlruns/694565806649179413/4c2ac7f102df45bfa523a7620719d109/artifacts,2023-04-17 18:12:59.620000+00:00,2023-04-17 18:12:59.977000+00:00,0.2817792202580764,0.2418747761967028,40,47,12000,666c7e04323ddaba4de9efb79e0a9b4552deddce,LOCAL,Daniel,worried-gnu-51,c:\Users\Daniel\OneDrive\Documentos\stock_level_prediction\venv\lib\site-packages\ipykernel_launcher.py
49,d48703cffa2745a2be9b5bf27314f6dc,694565806649179413,FINISHED,file:///c:/Users/Daniel/OneDrive/Documentos/stock_level_prediction/notebooks/../mlruns/694565806649179413/d48703cffa2745a2be9b5bf27314f6dc/artifacts,2023-04-17 18:12:59.087000+00:00,2023-04-17 18:12:59.571000+00:00,0.2817792202580764,0.2418747761967028,40,47,6000,666c7e04323ddaba4de9efb79e0a9b4552deddce,LOCAL,Daniel,beautiful-wolf-64,c:\Users\Daniel\OneDrive\Documentos\stock_level_prediction\venv\lib\site-packages\ipykernel_launcher.py
50,c210f3cca24c4990a807f1e9eb88cdd2,694565806649179413,FINISHED,file:///c:/Users/Daniel/OneDrive/Documentos/stock_level_prediction/notebooks/../mlruns/694565806649179413/c210f3cca24c4990a807f1e9eb88cdd2/artifacts,2023-04-17 18:12:58.668000+00:00,2023-04-17 18:12:59.038000+00:00,0.2817792202580764,0.2418747761967028,40,47,3000,666c7e04323ddaba4de9efb79e0a9b4552deddce,LOCAL,Daniel,rumbling-chimp-181,c:\Users\Daniel\OneDrive\Documentos\stock_level_prediction\venv\lib\site-packages\ipykernel_launcher.py
51,e4e29a5433a649d790f76544e356842b,694565806649179413,FINISHED,file:///c:/Users/Daniel/OneDrive/Documentos/stock_level_prediction/notebooks/../mlruns/694565806649179413/e4e29a5433a649d790f76544e356842b/artifacts,2023-04-17 18:12:58.279000+00:00,2023-04-17 18:12:58.647000+00:00,0.2817792202580764,0.2418747761967028,40,47,1000,666c7e04323ddaba4de9efb79e0a9b4552deddce,LOCAL,Daniel,unruly-deer-56,c:\Users\Daniel\OneDrive\Documentos\stock_level_prediction\venv\lib\site-packages\ipykernel_launcher.py
52,59f56b3286c54cdd9d61b4fbef92f2d7,694565806649179413,FINISHED,file:///c:/Users/Daniel/OneDrive/Documentos/stock_level_prediction/notebooks/../mlruns/694565806649179413/59f56b3286c54cdd9d61b4fbef92f2d7/artifacts,2023-04-17 18:12:57.859000+00:00,2023-04-17 18:12:58.234000+00:00,0.2817792202580764,0.2418747761967028,40,47,500,666c7e04323ddaba4de9efb79e0a9b4552deddce,LOCAL,Daniel,enthused-hawk-999,c:\Users\Daniel\OneDrive\Documentos\stock_level_prediction\venv\lib\site-packages\ipykernel_launcher.py
53,5e55f0432c674117975a2e8eeab435cb,694565806649179413,FINISHED,file:///c:/Users/Daniel/OneDrive/Documentos/stock_level_prediction/notebooks/../mlruns/694565806649179413/5e55f0432c674117975a2e8eeab435cb/artifacts,2023-04-17 18:12:57.432000+00:00,2023-04-17 18:12:57.818000+00:00,0.2817792202580764,0.2418747761967028,40,47,100,666c7e04323ddaba4de9efb79e0a9b4552deddce,LOCAL,Daniel,resilient-trout-438,c:\Users\Daniel\OneDrive\Documentos\stock_level_prediction\venv\lib\site-packages\ipykernel_launcher.py
54,2b0c6f6cbab74b6ab5ba776eb05c15f8,694565806649179413,FINISHED,file:///c:/Users/Daniel/OneDrive/Documentos/stock_level_prediction/notebooks/../mlruns/694565806649179413/2b0c6f6cbab74b6ab5ba776eb05c15f8/artifacts,2023-04-17 18:12:57.027000+00:00,2023-04-17 18:12:57.390000+00:00,0.28164453794092137,0.24178761001747773,80,47,12000,666c7e04323ddaba4de9efb79e0a9b4552deddce,LOCAL,Daniel,smiling-auk-268,c:\Users\Daniel\OneDrive\Documentos\stock_level_prediction\venv\lib\site-packages\ipykernel_launcher.py
55,17c4febf6e85445eb962572c4ee1908b,694565806649179413,FINISHED,file:///c:/Users/Daniel/OneDrive/Documentos/stock_level_prediction/notebooks/../mlruns/694565806649179413/17c4febf6e85445eb962572c4ee1908b/artifacts,2023-04-17 18:12:56.567000+00:00,2023-04-17 18:12:56.981000+00:00,0.28164453794092137,0.24178761001747773,80,47,6000,666c7e04323ddaba4de9efb79e0a9b4552deddce,LOCAL,Daniel,abundant-midge-858,c:\Users\Daniel\OneDrive\Documentos\stock_level_prediction\venv\lib\site-packages\ipykernel_launcher.py
56,1ebf21f81d1a4308981bca3071919272,694565806649179413,FINISHED,file:///c:/Users/Daniel/OneDrive/Documentos/stock_level_prediction/notebooks/../mlruns/694565806649179413/1ebf21f81d1a4308981bca3071919272/artifacts,2023-04-17 18:12:56.082000+00:00,2023-04-17 18:12:56.514000+00:00,0.28164453794092137,0.24178761001747773,80,47,3000,666c7e04323ddaba4de9efb79e0a9b4552deddce,LOCAL,Daniel,efficient-rat-883,c:\Users\Daniel\OneDrive\Documentos\stock_level_prediction\venv\lib\site-packages\ipykernel_launcher.py
57,8fed0b3c2baa40eea2d7497862650a2b,694565806649179413,FINISHED,file:///c:/Users/Daniel/OneDrive/Documentos/stock_level_prediction/notebooks/../mlruns/694565806649179413/8fed0b3c2baa40eea2d7497862650a2b/artifacts,2023-04-17 18:12:55.593000+00:00,2023-04-17 18:12:56.030000+00:00,0.28164453794092137,0.24178761001747773,80,47,1000,666c7e04323ddaba4de9efb79e0a9b4552deddce,LOCAL,Daniel,selective-goose-370,c:\Users\Daniel\OneDrive\Documentos\stock_level_prediction\venv\lib\site-packages\ipykernel_launcher.py
58,000b5d3cb864468caf50aff12ad1c140,694565806649179413,FINISHED,file:///c:/Users/Daniel/OneDrive/Documentos/stock_level_prediction/notebooks/../mlruns/694565806649179413/000b5d3cb864468caf50aff12ad1c140/artifacts,2023-04-17 18:12:55.172000+00:00,2023-04-17 18:12:55.552000+00:00,0.28164453794092137,0.24178761001747773,80,47,500,666c7e04323ddaba4de9efb79e0a9b4552deddce,LOCAL,Daniel,crawling-dog-330,c:\Users\Daniel\OneDrive\Documentos\stock_level_prediction\venv\lib\site-packages\ipykernel_launcher.py
59,cb324485ebe54f0498e77e15a0df86bf,694565806649179413,FINISHED,file:///c:/Users/Daniel/OneDrive/Documentos/stock_level_prediction/notebooks/../mlruns/694565806649179413/cb324485ebe54f0498e77e15a0df86bf/artifacts,2023-04-17 18:12:54.803000+00:00,2023-04-17 18:12:55.127000+00:00,0.28164453794092137,0.24178761001747773,80,47,100,666c7e04323ddaba4de9efb79e0a9b4552deddce,LOCAL,Daniel,fun-penguin-311,c:\Users\Daniel\OneDrive\Documentos\stock_level_prediction\venv\lib\site-packages\ipykernel_launcher.py
60,1e57f737420b49ceb3df9f2da5b0834b,694565806649179413,FINISHED,file:///c:/Users/Daniel/OneDrive/Documentos/stock_level_prediction/notebooks/../mlruns/694565806649179413/1e57f737420b49ceb3df9f2da5b0834b/artifacts,2023-04-17 18:12:54.639000+00:00,2023-04-17 18:12:54.790000+00:00,0.281493163695353,0.24167814936044385,160,47,12000,666c7e04323ddaba4de9efb79e0a9b4552deddce,LOCAL,Daniel,capable-croc-602,c:\Users\Daniel\OneDrive\Documentos\stock_level_prediction\venv\lib\site-packages\ipykernel_launcher.py
61,ce8ff4a80d704d2aa3a3247f9b942de8,694565806649179413,FINISHED,file:///c:/Users/Daniel/OneDrive/Documentos/stock_level_prediction/notebooks/../mlruns/694565806649179413/ce8ff4a80d704d2aa3a3247f9b942de8/artifacts,2023-04-17 18:12:54.464000+00:00,2023-04-17 18:12:54.630000+00:00,0.281493163695353,0.24167814936044385,160,47,6000,666c7e04323ddaba4de9efb79e0a9b4552deddce,LOCAL,Daniel,abundant-hog-110,c:\Users\Daniel\OneDrive\Documentos\stock_level_prediction\venv\lib\site-packages\ipykernel_launcher.py
62,0aa44bde40a444c982b6969120148972,694565806649179413,FINISHED,file:///c:/Users/Daniel/OneDrive/Documentos/stock_level_prediction/notebooks/../mlruns/694565806649179413/0aa44bde40a444c982b6969120148972/artifacts,2023-04-17 18:12:54.210000+00:00,2023-04-17 18:12:54.436000+00:00,0.281493163695353,0.24167814936044385,160,47,3000,666c7e04323ddaba4de9efb79e0a9b4552deddce,LOCAL,Daniel,upbeat-cub-689,c:\Users\Daniel\OneDrive\Documentos\stock_level_prediction\venv\lib\site-packages\ipykernel_launcher.py
63,57af9fd8013e46d5acbd72bcfdd982e2,694565806649179413,FINISHED,file:///c:/Users/Daniel/OneDrive/Documentos/stock_level_prediction/notebooks/../mlruns/694565806649179413/57af9fd8013e46d5acbd72bcfdd982e2/artifacts,2023-04-17 18:12:53.917000+00:00,2023-04-17 18:12:54.177000+00:00,0.281493163695353,0.24167814936044385,160,47,1000,666c7e04323ddaba4de9efb79e0a9b4552deddce,LOCAL,Daniel,magnificent-shad-706,c:\Users\Daniel\OneDrive\Documentos\stock_level_prediction\venv\lib\site-packages\ipykernel_launcher.py
64,699478ccfdfa4411a77d9a4c13eef1b0,694565806649179413,FINISHED,file:///c:/Users/Daniel/OneDrive/Documentos/stock_level_prediction/notebooks/../mlruns/694565806649179413/699478ccfdfa4411a77d9a4c13eef1b0/artifacts,2023-04-17 18:12:53.667000+00:00,2023-04-17 18:12:53.879000+00:00,0.281493163695353,0.24167814936044385,160,47,500,666c7e04323ddaba4de9efb79e0a9b4552deddce,LOCAL,Daniel,big-hare-248,c:\Users\Daniel\OneDrive\Documentos\stock_level_prediction\venv\lib\site-packages\ipykernel_launcher.py
65,3d0a507d470b46b5b13a44aba8dd0700,694565806649179413,FINISHED,file:///c:/Users/Daniel/OneDrive/Documentos/stock_level_prediction/notebooks/../mlruns/694565806649179413/3d0a507d470b46b5b13a44aba8dd0700/artifacts,2023-04-17 18:12:53.507000+00:00,2023-04-17 18:12:53.657000+00:00,0.281493163695353,0.24167814936044385,160,47,100,666c7e04323ddaba4de9efb79e0a9b4552deddce,LOCAL,Daniel,upbeat-squid-269,c:\Users\Daniel\OneDrive\Documentos\stock_level_prediction\venv\lib\site-packages\ipykernel_launcher.py
66,419fe98be3594cb69aca380e760c5acf,694565806649179413,FINISHED,file:///c:/Users/Daniel/OneDrive/Documentos/stock_level_prediction/notebooks/../mlruns/694565806649179413/419fe98be3594cb69aca380e760c5acf/artifacts,2023-04-17 18:12:53.247000+00:00,2023-04-17 18:12:53.487000+00:00,0.2813674716026042,0.24159743406785447,320,47,12000,666c7e04323ddaba4de9efb79e0a9b4552deddce,LOCAL,Daniel,rogue-squid-255,c:\Users\Daniel\OneDrive\Documentos\stock_level_prediction\venv\lib\site-packages\ipykernel_launcher.py
67,4f0b741eeee241969d375ab9178adf39,694565806649179413,FINISHED,file:///c:/Users/Daniel/OneDrive/Documentos/stock_level_prediction/notebooks/../mlruns/694565806649179413/4f0b741eeee241969d375ab9178adf39/artifacts,2023-04-17 18:12:53.037000+00:00,2023-04-17 18:12:53.217000+00:00,0.2813674716026042,0.24159743406785447,320,47,6000,666c7e04323ddaba4de9efb79e0a9b4552deddce,LOCAL,Daniel,learned-stoat-704,c:\Users\Daniel\OneDrive\Documentos\stock_level_prediction\venv\lib\site-packages\ipykernel_launcher.py
68,aaded4c42413491795ee3e53d83f39fe,694565806649179413,FINISHED,file:///c:/Users/Daniel/OneDrive/Documentos/stock_level_prediction/notebooks/../mlruns/694565806649179413/aaded4c42413491795ee3e53d83f39fe/artifacts,2023-04-17 18:12:52.867000+00:00,2023-04-17 18:12:53.018000+00:00,0.2813674716026042,0.24159743406785447,320,47,3000,666c7e04323ddaba4de9efb79e0a9b4552deddce,LOCAL,Daniel,delicate-trout-225,c:\Users\Daniel\OneDrive\Documentos\stock_level_prediction\venv\lib\site-packages\ipykernel_launcher.py
69,ffccc61c1e2942f48acbd1287246fe24,694565806649179413,FINISHED,file:///c:/Users/Daniel/OneDrive/Documentos/stock_level_prediction/notebooks/../mlruns/694565806649179413/ffccc61c1e2942f48acbd1287246fe24/artifacts,2023-04-17 18:12:52.737000+00:00,2023-04-17 18:12:52.854000+00:00,0.2813674716026042,0.24159743406785447,320,47,1000,666c7e04323ddaba4de9efb79e0a9b4552deddce,LOCAL,Daniel,powerful-trout-569,c:\Users\Daniel\OneDrive\Documentos\stock_level_prediction\venv\lib\site-packages\ipykernel_launcher.py
70,907fbc3222aa47b887d28a2d1a43dab8,694565806649179413,FINISHED,file:///c:/Users/Daniel/OneDrive/Documentos/stock_level_prediction/notebooks/../mlruns/694565806649179413/907fbc3222aa47b887d28a2d1a43dab8/artifacts,2023-04-17 18:12:52.582000+00:00,2023-04-17 18:12:52.724000+00:00,0.2813674716026042,0.24159743406785447,320,47,500,666c7e04323ddaba4de9efb79e0a9b4552deddce,LOCAL,Daniel,worried-grub-390,c:\Users\Daniel\OneDrive\Documentos\stock_level_prediction\venv\lib\site-packages\ipykernel_launcher.py
71,6bf05f198df8443b8e302c8783310fb4,694565806649179413,FINISHED,file:///c:/Users/Daniel/OneDrive/Documentos/stock_level_prediction/notebooks/../mlruns/694565806649179413/6bf05f198df8443b8e302c8783310fb4/artifacts,2023-04-17 18:12:52.430000+00:00,2023-04-17 18:12:52.567000+00:00,0.2813674716026042,0.24159743406785447,320,47,100,666c7e04323ddaba4de9efb79e0a9b4552deddce,LOCAL,Daniel,rebellious-ray-326,c:\Users\Daniel\OneDrive\Documentos\stock_level_prediction\venv\lib\site-packages\ipykernel_launcher.py
72,d53882994c0045cbaff17c9712828616,694565806649179413,FINISHED,file:///c:/Users/Daniel/OneDrive/Documentos/stock_level_prediction/notebooks/../mlruns/694565806649179413/d53882994c0045cbaff17c9712828616/artifacts,2023-04-17 18:12:52.173000+00:00,2023-04-17 18:12:52.406000+00:00,0.28130288431729916,0.24156258167599776,640,47,12000,666c7e04323ddaba4de9efb79e0a9b4552deddce,LOCAL,Daniel,classy-seal-337,c:\Users\Daniel\OneDrive\Documentos\stock_level_prediction\venv\lib\site-packages\ipykernel_launcher.py
73,cf15ff5a61294d6195f29bdb917bc3e7,694565806649179413,FINISHED,file:///c:/Users/Daniel/OneDrive/Documentos/stock_level_prediction/notebooks/../mlruns/694565806649179413/cf15ff5a61294d6195f29bdb917bc3e7/artifacts,2023-04-17 18:12:52.002000+00:00,2023-04-17 18:12:52.148000+00:00,0.28130288431729916,0.24156258167599776,640,47,6000,666c7e04323ddaba4de9efb79e0a9b4552deddce,LOCAL,Daniel,languid-stoat-689,c:\Users\Daniel\OneDrive\Documentos\stock_level_prediction\venv\lib\site-packages\ipykernel_launcher.py
74,7b7a0f15264242d1b6690d6482acdcd8,694565806649179413,FINISHED,file:///c:/Users/Daniel/OneDrive/Documentos/stock_level_prediction/notebooks/../mlruns/694565806649179413/7b7a0f15264242d1b6690d6482acdcd8/artifacts,2023-04-17 18:12:51.822000+00:00,2023-04-17 18:12:51.977000+00:00,0.28130288431729916,0.24156258167599776,640,47,3000,666c7e04323ddaba4de9efb79e0a9b4552deddce,LOCAL,Daniel,stylish-shrew-247,c:\Users\Daniel\OneDrive\Documentos\stock_level_prediction\venv\lib\site-packages\ipykernel_launcher.py
75,c255c1f483d6497299c577a27a065423,694565806649179413,FINISHED,file:///c:/Users/Daniel/OneDrive/Documentos/stock_level_prediction/notebooks/../mlruns/694565806649179413/c255c1f483d6497299c577a27a065423/artifacts,2023-04-17 18:12:51.657000+00:00,2023-04-17 18:12:51.808000+00:00,0.28130288431729916,0.24156258167599776,640,47,1000,666c7e04323ddaba4de9efb79e0a9b4552deddce,LOCAL,Daniel,salty-owl-841,c:\Users\Daniel\OneDrive\Documentos\stock_level_prediction\venv\lib\site-packages\ipykernel_launcher.py
76,b68f976f31ed46b385f4b2fbd181831b,694565806649179413,FINISHED,file:///c:/Users/Daniel/OneDrive/Documentos/stock_level_prediction/notebooks/../mlruns/694565806649179413/b68f976f31ed46b385f4b2fbd181831b/artifacts,2023-04-17 18:12:51.310000+00:00,2023-04-17 18:12:51.623000+00:00,0.28130288431729916,0.24156258167599776,640,47,500,666c7e04323ddaba4de9efb79e0a9b4552deddce,LOCAL,Daniel,zealous-roo-757,c:\Users\Daniel\OneDrive\Documentos\stock_level_prediction\venv\lib\site-packages\ipykernel_launcher.py
77,cbc4af682a7a4c8cbfaa38af64ac64bb,694565806649179413,FINISHED,file:///c:/Users/Daniel/OneDrive/Documentos/stock_level_prediction/notebooks/../mlruns/694565806649179413/cbc4af682a7a4c8cbfaa38af64ac64bb/artifacts,2023-04-17 18:12:51.079000+00:00,2023-04-17 18:12:51.277000+00:00,0.28130288431729916,0.24156258167599776,640,47,100,666c7e04323ddaba4de9efb79e0a9b4552deddce,LOCAL,Daniel,selective-quail-361,c:\Users\Daniel\OneDrive\Documentos\stock_level_prediction\venv\lib\site-packages\ipykernel_launcher.py
78,87c45ed3f67e46a8b869c03f5253350d,694565806649179413,FINISHED,file:///c:/Users/Daniel/OneDrive/Documentos/stock_level_prediction/notebooks/../mlruns/694565806649179413/87c45ed3f67e46a8b869c03f5253350d/artifacts,2023-04-17 18:12:50.707000+00:00,2023-04-17 18:12:51.039000+00:00,0.2813081117570477,0.24157280322652677,1280,47,12000,666c7e04323ddaba4de9efb79e0a9b4552deddce,LOCAL,Daniel,fortunate-toad-34,c:\Users\Daniel\OneDrive\Documentos\stock_level_prediction\venv\lib\site-packages\ipykernel_launcher.py
79,0bc2ca7022024d63970a957c9691af75,694565806649179413,FINISHED,file:///c:/Users/Daniel/OneDrive/Documentos/stock_level_prediction/notebooks/../mlruns/694565806649179413/0bc2ca7022024d63970a957c9691af75/artifacts,2023-04-17 18:12:50.344000+00:00,2023-04-17 18:12:50.682000+00:00,0.2813081117570477,0.24157280322652677,1280,47,6000,666c7e04323ddaba4de9efb79e0a9b4552deddce,LOCAL,Daniel,unequaled-moose-787,c:\Users\Daniel\OneDrive\Documentos\stock_level_prediction\venv\lib\site-packages\ipykernel_launcher.py
80,1d62c8d6c93b4aa2b4b44e170102c79b,694565806649179413,FINISHED,file:///c:/Users/Daniel/OneDrive/Documentos/stock_level_prediction/notebooks/../mlruns/694565806649179413/1d62c8d6c93b4aa2b4b44e170102c79b/artifacts,2023-04-17 18:12:50.057000+00:00,2023-04-17 18:12:50.310000+00:00,0.2813081117570477,0.24157280322652677,1280,47,3000,666c7e04323ddaba4de9efb79e0a9b4552deddce,LOCAL,Daniel,stylish-ox-870,c:\Users\Daniel\OneDrive\Documentos\stock_level_prediction\venv\lib\site-packages\ipykernel_launcher.py
81,db5787a14f854da782f35f3e9a4bf931,694565806649179413,FINISHED,file:///c:/Users/Daniel/OneDrive/Documentos/stock_level_prediction/notebooks/../mlruns/694565806649179413/db5787a14f854da782f35f3e9a4bf931/artifacts,2023-04-17 18:12:49.791000+00:00,2023-04-17 18:12:50.030000+00:00,0.2813081117570477,0.24157280322652677,1280,47,1000,666c7e04323ddaba4de9efb79e0a9b4552deddce,LOCAL,Daniel,dapper-shrimp-18,c:\Users\Daniel\OneDrive\Documentos\stock_level_prediction\venv\lib\site-packages\ipykernel_launcher.py
82,4357bbefc9ac4c4484a51800853aeb99,694565806649179413,FINISHED,file:///c:/Users/Daniel/OneDrive/Documentos/stock_level_prediction/notebooks/../mlruns/694565806649179413/4357bbefc9ac4c4484a51800853aeb99/artifacts,2023-04-17 18:12:49.644000+00:00,2023-04-17 18:12:49.782000+00:00,0.2813081117570477,0.24157280322652677,1280,47,500,666c7e04323ddaba4de9efb79e0a9b4552deddce,LOCAL,Daniel,defiant-rat-236,c:\Users\Daniel\OneDrive\Documentos\stock_level_prediction\venv\lib\site-packages\ipykernel_launcher.py
83,64903604af8a437f90ec0b90e25a9f21,694565806649179413,FINISHED,file:///c:/Users/Daniel/OneDrive/Documentos/stock_level_prediction/notebooks/../mlruns/694565806649179413/64903604af8a437f90ec0b90e25a9f21/artifacts,2023-04-17 18:12:49.430000+00:00,2023-04-17 18:12:49.623000+00:00,0.2813081117570477,0.24157280322652677,1280,47,100,666c7e04323ddaba4de9efb79e0a9b4552deddce,LOCAL,Daniel,dashing-bug-360,c:\Users\Daniel\OneDrive\Documentos\stock_level_prediction\venv\lib\site-packages\ipykernel_launcher.py
84,d8cc3d96d3e040c881e966ebb4d090f6,694565806649179413,FINISHED,file:///c:/Users/Daniel/OneDrive/Documentos/stock_level_prediction/notebooks/../mlruns/694565806649179413/d8cc3d96d3e040c881e966ebb4d090f6/artifacts,2023-04-17 18:12:49.239000+00:00,2023-04-17 18:12:49.407000+00:00,0.281388019325798,0.2416638964886596,3000,47,12000,666c7e04323ddaba4de9efb79e0a9b4552deddce,LOCAL,Daniel,languid-mink-701,c:\Users\Daniel\OneDrive\Documentos\stock_level_prediction\venv\lib\site-packages\ipykernel_launcher.py
85,646298231f76404f9139e66b89ef0ec1,694565806649179413,FINISHED,file:///c:/Users/Daniel/OneDrive/Documentos/stock_level_prediction/notebooks/../mlruns/694565806649179413/646298231f76404f9139e66b89ef0ec1/artifacts,2023-04-17 18:12:49.017000+00:00,2023-04-17 18:12:49.231000+00:00,0.281388019325798,0.2416638964886596,3000,47,6000,666c7e04323ddaba4de9efb79e0a9b4552deddce,LOCAL,Daniel,enchanting-hare-670,c:\Users\Daniel\OneDrive\Documentos\stock_level_prediction\venv\lib\site-packages\ipykernel_launcher.py
86,c59a890e926d4795a3c41ac5aee5807e,694565806649179413,FINISHED,file:///c:/Users/Daniel/OneDrive/Documentos/stock_level_prediction/notebooks/../mlruns/694565806649179413/c59a890e926d4795a3c41ac5aee5807e/artifacts,2023-04-17 18:12:48.747000+00:00,2023-04-17 18:12:48.997000+00:00,0.281388019325798,0.2416638964886596,3000,47,3000,666c7e04323ddaba4de9efb79e0a9b4552deddce,LOCAL,Daniel,funny-whale-159,c:\Users\Daniel\OneDrive\Documentos\stock_level_prediction\venv\lib\site-packages\ipykernel_launcher.py
87,9f3b7c3d4ac546b29a0d4501ae145b9b,694565806649179413,FINISHED,file:///c:/Users/Daniel/OneDrive/Documentos/stock_level_prediction/notebooks/../mlruns/694565806649179413/9f3b7c3d4ac546b29a0d4501ae145b9b/artifacts,2023-04-17 18:12:48.499000+00:00,2023-04-17 18:12:48.732000+00:00,0.281388019325798,0.2416638964886596,3000,47,1000,666c7e04323ddaba4de9efb79e0a9b4552deddce,LOCAL,Daniel,luminous-crane-285,c:\Users\Daniel\OneDrive\Documentos\stock_level_prediction\venv\lib\site-packages\ipykernel_launcher.py
88,c806bcf2f28b4aa393893f92c57d3a9d,694565806649179413,FINISHED,file:///c:/Users/Daniel/OneDrive/Documentos/stock_level_prediction/notebooks/../mlruns/694565806649179413/c806bcf2f28b4aa393893f92c57d3a9d/artifacts,2023-04-17 18:12:48.267000+00:00,2023-04-17 18:12:48.479000+00:00,0.281388019325798,0.2416638964886596,3000,47,500,666c7e04323ddaba4de9efb79e0a9b4552deddce,LOCAL,Daniel,persistent-gull-128,c:\Users\Daniel\OneDrive\Documentos\stock_level_prediction\venv\lib\site-packages\ipykernel_launcher.py
89,0cd74d84fd5b443d8adde7f29621cef7,694565806649179413,FINISHED,file:///c:/Users/Daniel/OneDrive/Documentos/stock_level_prediction/notebooks/../mlruns/694565806649179413/0cd74d84fd5b443d8adde7f29621cef7/artifacts,2023-04-17 18:12:48.047000+00:00,2023-04-17 18:12:48.230000+00:00,0.281388019325798,0.2416638964886596,3000,47,100,666c7e04323ddaba4de9efb79e0a9b4552deddce,LOCAL,Daniel,illustrious-dog-852,c:\Users\Daniel\OneDrive\Documentos\stock_level_prediction\venv\lib\site-packages\ipykernel_launcher.py
90,35c7ea8eab0c4eafb02dd5e233c72552,694565806649179413,FINISHED,file:///c:/Users/Daniel/OneDrive/Documentos/stock_level_prediction/notebooks/../mlruns/694565806649179413/35c7ea8eab0c4eafb02dd5e233c72552/artifacts,2023-04-17 18:12:47.889000+00:00,2023-04-17 18:12:48.027000+00:00,0.28151052069343074,0.241783219219127,7500,47,12000,666c7e04323ddaba4de9efb79e0a9b4552deddce,LOCAL,Daniel,vaunted-goose-645,c:\Users\Daniel\OneDrive\Documentos\stock_level_prediction\venv\lib\site-packages\ipykernel_launcher.py
91,576e66d5255a43f19e32be8c1d7062ea,694565806649179413,FINISHED,file:///c:/Users/Daniel/OneDrive/Documentos/stock_level_prediction/notebooks/../mlruns/694565806649179413/576e66d5255a43f19e32be8c1d7062ea/artifacts,2023-04-17 18:12:47.442000+00:00,2023-04-17 18:12:47.867000+00:00,0.28151052069343074,0.241783219219127,7500,47,6000,666c7e04323ddaba4de9efb79e0a9b4552deddce,LOCAL,Daniel,judicious-crane-572,c:\Users\Daniel\OneDrive\Documentos\stock_level_prediction\venv\lib\site-packages\ipykernel_launcher.py
92,14d6f250a5394c3a8607a7bf9e63339d,694565806649179413,FINISHED,file:///c:/Users/Daniel/OneDrive/Documentos/stock_level_prediction/notebooks/../mlruns/694565806649179413/14d6f250a5394c3a8607a7bf9e63339d/artifacts,2023-04-17 18:12:46.977000+00:00,2023-04-17 18:12:47.378000+00:00,0.28151052069343074,0.241783219219127,7500,47,3000,666c7e04323ddaba4de9efb79e0a9b4552deddce,LOCAL,Daniel,colorful-doe-396,c:\Users\Daniel\OneDrive\Documentos\stock_level_prediction\venv\lib\site-packages\ipykernel_launcher.py
93,96c8d518bbc94600a58d29c45f7736b4,694565806649179413,FINISHED,file:///c:/Users/Daniel/OneDrive/Documentos/stock_level_prediction/notebooks/../mlruns/694565806649179413/96c8d518bbc94600a58d29c45f7736b4/artifacts,2023-04-17 18:12:46.587000+00:00,2023-04-17 18:12:46.937000+00:00,0.28151052069343074,0.241783219219127,7500,47,1000,666c7e04323ddaba4de9efb79e0a9b4552deddce,LOCAL,Daniel,omniscient-asp-583,c:\Users\Daniel\OneDrive\Documentos\stock_level_prediction\venv\lib\site-packages\ipykernel_launcher.py
94,da05df38278c485db6e9ab855341759f,694565806649179413,FINISHED,file:///c:/Users/Daniel/OneDrive/Documentos/stock_level_prediction/notebooks/../mlruns/694565806649179413/da05df38278c485db6e9ab855341759f/artifacts,2023-04-17 18:12:46.167000+00:00,2023-04-17 18:12:46.540000+00:00,0.28151052069343074,0.241783219219127,7500,47,500,666c7e04323ddaba4de9efb79e0a9b4552deddce,LOCAL,Daniel,debonair-panda-150,c:\Users\Daniel\OneDrive\Documentos\stock_level_prediction\venv\lib\site-packages\ipykernel_launcher.py
95,a32a6aaa11a14331b61c6e27cf3c7194,694565806649179413,FINISHED,file:///c:/Users/Daniel/OneDrive/Documentos/stock_level_prediction/notebooks/../mlruns/694565806649179413/a32a6aaa11a14331b61c6e27cf3c7194/artifacts,2023-04-17 18:12:45.752000+00:00,2023-04-17 18:12:46.129000+00:00,0.28151052069343074,0.241783219219127,7500,47,100,666c7e04323ddaba4de9efb79e0a9b4552deddce,LOCAL,Daniel,rogue-lynx-84,c:\Users\Daniel\OneDrive\Documentos\stock_level_prediction\venv\lib\site-packages\ipykernel_launcher.py
